a,QTY,NAME,RARE,KING,POWER,COLOR_1,COLOR_2,BREAK,TEMPO,CHARGE,MACHO,R,B,P,G,Y,W,1,2,3,4,5,6,7,8,9,10,11,12,13,14,15,Unnamed: 30,色番号,レア番号
10,6,柴犬,スターター,0,1,白,,1,1,,,0,0,0,0,0,0,0,0,0,1,0,0,0,0,0,0,0,0,0,0,1,2,1,0
10,6,少女,スターター,0,2,白,,1,,,,0,0,0,0,0,0,0,0,0,0,0,0,1,0,0,0,0,0,0,1,0,2,1,0
10,6,ネズミの子,スターター,0,3,白,,1,,,,0,0,0,0,0,0,0,0,0,0,0,0,1,1,0,0,0,0,0,0,0,2,1,0
10,6,わんぱく坊主,スターター,0,4,白,,1,,,,0,0,0,0,0,0,0,0,0,0,0,0,0,0,1,0,0,1,0,0,0,2,1,0
10,1,お父さん,スターター,0,5,白,,1,,1,,0,0,0,0,0,0,0,0,0,0,0,1,1,1,1,1,0,0,1,0,0,4,1,0
10,1,お母さん,スターター,0,6,白,,1,,1,,0,0,0,0,0,0,0,0,0,0,1,0,1,0,1,0,1,0,0,1,1,4,1,0
11,1,まくら,ノーマル,0,1,白,,1,,,,0,0,0,0,0,0,0,0,1,0,0,0,1,0,0,1,0,0,0,0,0,3,1,1
11,1,落ち葉,ノーマル,0,1,白,,1,,,,0,0,0,0,0,0,0,1,0,0,0,0,0,0,0,0,0,0,1,0,0,2,1,1
11,1,セミのぬけがら,ノーマル,0,1,白,,1,,,,0,0,0,0,0,0,0,1,0,0,0,1,0,0,0,1,0,0,0,0,0,3,1,1
11,1,酔っ払い,ノーマル,0,1,白,,1,,,,0,0,0,0,0,0,0,1,0,0,0,1,0,0,0,0,1,0,0,0,0,3,1,1
11,1,洗濯物,ノーマル,0,1,白,,1,,,,0,0,0,0,0,0,0,1,0,0,0,0,1,0,1,0,0,0,0,0,0,3,1,1
11,1,日曜日の朝,ノーマル,1,2,白,,1,,,,0,0,0,0,0,0,0,0,1,0,0,0,1,0,1,1,1,0,0,0,0,5,1,1
11,1,毛糸玉,ノーマル,0,2,白,,1,,,,0,0,0,0,0,0,0,0,0,0,1,0,0,0,1,0,0,0,0,0,0,2,1,1
11,1,ボール遊び,ノーマル,0,2,白,,1,,,,0,0,0,0,0,0,0,0,0,1,0,0,0,0,0,0,1,0,0,0,0,2,1,1
11,1,穴のあいたバケツ,ノーマル,0,2,白,,1,,,,0,0,0,0,0,0,0,0,0,0,0,1,0,0,0,0,0,0,1,0,0,2,1,1
11,1,いたずらっ子,ノーマル,0,2,白,,1,,,,0,0,0,0,0,0,0,0,0,0,1,0,1,0,0,0,0,0,0,1,0,3,1,1
11,1,陽気な少年,ノーマル,0,3,白,,1,,,1,0,0,0,0,0,0,0,0,0,0,0,0,1,0,0,0,0,0,0,0,1,2,1,1
11,1,猫のひげ,ノーマル,0,3,白,,1,,,,0,0,0,0,0,0,0,0,0,0,0,1,0,0,0,0,1,0,0,0,0,2,1,1
11,1,透明な箱,ノーマル,0,3,白,,1,,,,0,0,0,0,0,0,0,0,0,0,1,0,1,0,0,0,0,0,0,0,1,3,1,1
11,1,何かの卵,ノーマル,0,3,白,,1,,,,0,0,0,0,0,0,0,0,0,0,0,0,0,0,1,0,1,0,0,0,0,2,1,1
11,1,くたびれた靴,ノーマル,0,3,白,,1,,,,0,0,0,0,0,0,0,0,0,0,0,1,0,0,1,0,0,0,1,0,0,3,1,1
11,1,新聞配達の子,ノーマル,0,3,白,,1,1,,,0,0,0,0,0,0,0,0,0,0,0,0,1,0,0,0,1,0,0,0,0,2,1,1
11,1,たんぽぽ,ノーマル,0,3,白,,1,,,,0,0,0,0,0,0,0,0,0,0,0,1,0,0,0,0,0,1,0,0,0,2,1,1
11,1,木の実,ノーマル,0,3,白,,1,,,,0,0,0,0,0,0,0,0,0,0,1,0,0,1,0,0,0,0,0,0,0,2,1,1
11,1,雨上がりの道,ノーマル,0,4,白,,1,,,,0,0,0,0,0,0,0,0,0,0,0,0,1,0,0,0,0,0,1,0,0,2,1,1
11,1,カエルの子供,ノーマル,0,4,白,,1,,,,0,0,0,0,0,0,0,0,0,0,1,0,0,0,0,1,0,0,0,0,0,2,1,1
11,1,石ころ,ノーマル,0,4,白,,1,,,,0,0,0,0,0,0,0,0,0,0,0,0,1,0,1,0,0,0,0,0,0,2,1,1
11,1,こおろぎ男爵,ノーマル,0,4,白,,1,,,,0,0,0,0,0,0,0,0,0,0,1,0,0,0,0,0,0,0,0,1,0,2,1,1
11,1,伸びをする猫,ノーマル,0,4,白,,1,,,,0,0,0,0,0,0,0,0,0,0,0,1,0,0,0,0,0,0,1,0,0,2,1,1
11,1,一番きれいな石,ノーマル,1,5,白,,1,,,1,0,0,0,0,0,0,0,0,0,0,0,0,1,1,0,1,1,0,1,0,0,5,1,1
11,1,太った子,ノーマル,0,5,白,,1,,1,,0,0,0,0,0,0,0,0,0,0,0,0,0,0,1,1,0,0,0,0,0,2,1,1
11,1,小さな鍵,ノーマル,0,5,白,,1,,,,0,0,0,0,0,0,0,0,0,0,0,1,0,1,0,0,0,0,0,0,0,2,1,1
11,1,バーバリアン2号,ノーマル,0,5,白,,1,,,1,0,0,0,0,0,0,0,0,0,0,0,1,0,0,0,1,0,0,0,0,0,2,1,1
11,1,語り部,ノーマル,0,5,白,,1,,1,,0,0,0,0,0,0,0,0,0,0,0,0,1,0,0,0,1,0,1,0,0,3,1,1
11,1,バーバリアン1号,ノーマル,0,6,白,,1,,,1,0,0,0,0,0,0,0,0,0,0,0,0,1,0,0,1,0,0,0,0,0,2,1,1
11,1,古い傘,ノーマル,0,6,白,,1,,,,0,0,0,0,0,0,0,0,0,0,0,0,1,0,1,0,0,0,0,0,0,2,1,1
11,1,兵士,ノーマル,0,6,白,,1,,,1,0,0,0,0,0,0,0,0,0,0,0,0,1,0,1,0,0,0,1,0,0,3,1,1
11,1,トナカイ,ノーマル,0,6,白,,1,,,,0,0,0,0,0,0,0,0,0,0,0,0,1,1,0,0,0,0,1,0,0,3,1,1
11,1,古代のメモ書き,ノーマル,0,6,白,,1,,,,0,0,0,0,0,0,0,0,0,0,0,0,0,1,0,1,1,1,0,0,0,4,1,1
11,1,眠たいボス猫,ノーマル,1,7,白,,2,,,,0,0,0,0,0,0,0,0,0,0,0,0,0,0,0,0,0,0,0,0,0,0,1,1
11,1,とっておきの笑顔,ノーマル,1,7,白,,1,,,,0,0,0,0,0,0,0,0,0,0,0,0,1,1,0,0,1,1,0,1,0,5,1,1
11,1,笑うカエル,ノーマル,0,7,白,,1,,,,0,0,0,0,0,0,0,0,0,0,0,0,0,1,0,0,1,1,0,0,0,3,1,1
11,1,水のオルゴール,ノーマル,0,7,白,,1,,,,0,0,0,0,0,0,0,0,0,0,0,0,0,1,0,0,0,1,0,0,0,2,1,1
11,1,ハリネズミ,ノーマル,0,7,白,,1,,,1,0,0,0,0,0,0,0,0,0,0,0,0,0,1,0,0,1,0,1,0,0,3,1,1
11,1,郵便屋,ノーマル,0,7,白,,1,,,,0,0,0,0,0,0,0,0,0,0,0,0,0,1,0,1,0,1,0,0,0,3,1,1
11,1,ランプの精,ノーマル,0,8,白,,1,,,1,0,0,0,0,0,0,0,0,0,0,0,0,0,0,0,0,1,1,0,0,0,2,1,1
11,1,たおれたカップ,ノーマル,0,8,白,,1,,,,0,0,0,0,0,0,0,0,0,0,0,0,0,1,0,0,0,1,0,0,1,3,1,1
12,1,家出少年,レア,0,5,白,,1,,,1,0,0,0,0,0,0,0,0,0,0,0,0,0,1,0,0,1,0,0,1,0,3,1,2
12,1,旅人,レア,0,5,白,,1,,,1,0,0,0,0,0,0,0,0,0,0,0,1,0,0,0,1,0,0,0,1,0,3,1,2
12,1,村の長老,レア,0,5,白,,1,1,,,0,0,0,0,0,0,0,0,0,0,0,0,0,1,1,0,0,0,0,0,1,3,1,2
12,1,高貴なミミズク,レア,1,6,白,,1,,,1,0,0,0,0,0,0,0,0,0,0,0,0,1,0,1,0,1,0,1,1,1,6,1,2
12,1,猟師,レア,0,6,白,,1,,,1,0,0,0,0,0,0,0,0,0,0,0,0,0,1,1,0,0,1,0,0,0,3,1,2
12,1,鍛冶屋,レア,0,6,白,,1,,1,,0,0,0,0,0,0,0,0,0,0,0,0,0,1,0,0,0,1,0,0,0,2,1,2
12,1,庭師,レア,0,7,白,,1,,1,,0,0,0,0,0,0,0,0,0,0,0,0,0,1,1,0,0,0,0,1,1,4,1,2
12,1,望遠鏡,レア,0,7,白,,1,,1,,0,0,0,0,0,0,0,0,0,0,0,0,0,1,0,0,0,0,0,1,1,3,1,2
12,1,案内人,レア,0,8,白,,1,1,,,0,0,0,0,0,0,0,0,0,0,0,0,0,0,1,1,1,0,0,0,0,3,1,2
12,1,お面師,レア,0,8,白,,1,,1,,0,0,0,0,0,0,0,0,0,0,0,0,0,0,0,0,0,1,1,0,0,2,1,2
12,1,水晶球,レア,0,8,白,,1,1,,,0,0,0,0,0,0,0,0,0,0,0,0,0,0,0,1,0,0,1,0,0,2,1,2
12,1,木の上の家,レア,0,8,白,,1,,,1,0,0,0,0,0,0,0,0,0,0,0,0,0,0,1,0,0,0,1,0,0,2,1,2
12,1,霊薬のシカ,レア,1,9,白,,2,,,,0,0,0,0,0,0,0,0,0,0,0,0,0,0,0,0,0,0,0,0,0,0,1,2
12,1,紋章,レア,0,9,白,,1,,1,,0,0,0,0,0,0,0,0,0,0,0,0,0,0,0,1,0,0,1,0,0,2,1,2
12,1,白い狼,レア,1,10,白,,2,,,,0,0,0,0,0,0,0,0,0,0,0,0,0,0,0,0,0,0,0,0,0,0,1,2
12,1,時のカギ,レア,0,10,白,,1,,1,,0,0,0,0,0,0,0,0,0,0,0,1,0,0,0,0,1,0,0,1,0,3,1,2
12,1,流れ星のあと,レア,0,11,白,,1,1,,,0,0,0,0,0,0,0,0,0,0,1,0,0,0,0,0,0,1,1,0,0,3,1,2
12,1,妖精の巣,レア,0,11,白,,1,1,,,0,0,0,0,0,0,0,0,0,0,0,0,0,0,0,0,0,1,0,1,1,3,1,2
13,1,隊長,ゴールド,0,7,白,,2,,,,0,0,0,0,0,0,0,0,0,0,0,0,0,0,0,0,0,0,0,0,0,0,1,3
13,1,ユニコーン,ゴールド,0,7,白,,1,,,1,0,0,0,0,0,0,0,0,0,0,0,0,0,0,1,1,0,1,1,1,1,6,1,3
13,1,ルミナウス,ゴールド,0,8,白,,2,,,,0,0,0,0,0,0,0,0,0,0,0,0,0,0,0,0,0,0,0,0,0,0,1,3
13,1,銀の鈴,ゴールド,0,9,白,,2,,,,0,0,0,0,0,0,0,0,0,0,0,0,0,0,0,0,0,0,0,0,0,0,1,3
13,1,つのうさぎ,ゴールド,0,9,白,,1,,1,,0,0,0,0,0,0,0,0,0,0,0,1,1,0,0,1,0,0,1,0,1,5,1,3
13,1,真珠の首飾り,ゴールド,0,9,白,,1,,,,0,0,0,0,0,0,0,0,1,0,0,0,1,0,0,1,0,1,0,0,1,5,1,3
13,1,千本の矢,ゴールド,0,10,白,,2,,,,0,0,0,0,0,0,0,0,0,0,0,0,0,0,0,0,0,0,0,0,0,0,1,3
13,1,雲の上の塔,ゴールド,0,10,白,,1,,,,0,0,0,0,0,0,0,1,0,0,0,0,0,0,1,0,1,0,1,1,0,5,1,3
13,1,白狐の群れ,ゴールド,0,11,白,,2,,,,0,0,0,0,0,0,0,0,0,0,0,0,0,0,0,0,0,0,0,0,0,0,1,3
13,1,迷い森の地図,ゴールド,0,11,白,,1,,,1,0,0,0,0,0,0,0,0,0,0,0,1,1,0,1,0,1,0,0,1,0,0,1,3
13,1,失われた誓約,ゴールド,0,13,白,,1,1,,,0,0,0,0,0,0,1,0,1,0,1,0,1,0,0,0,0,0,0,1,0,5,1,3
14,1,最後の頁を読む者,レジェンド,0,12,白,,3,,,,0,0,0,0,0,0,0,0,0,0,0,0,0,0,0,0,0,0,0,0,0,0,1,4
14,1,雲の中の城,レジェンド,0,13,白,,3,,,,0,0,0,0,0,0,0,0,0,0,0,0,0,0,0,0,0,0,0,0,0,0,1,4
20,1,ネズミママ,スターター,0,5,黄,,1,,,,0,0,0,0,0,0,0,0,0,0,0,0,0,0,0,1,0,0,1,0,0,1,2,0
20,1,ネズミパパ,スターター,0,6,黄,,1,1,,,0,0,0,0,0,0,0,0,0,0,0,0,0,0,0,0,0,0,1,0,1,2,2,0
21,1,ネズミの老人,ノーマル,0,1,黄,,1,,,,0,0,0,0,0,0,0,1,0,1,0,0,0,0,0,0,0,0,0,0,1,3,2,1
21,1,スズメ,ノーマル,0,2,黄,,1,,,,0,0,0,0,0,0,0,0,1,0,0,0,1,0,0,0,0,0,0,0,0,2,2,1
21,1,錆びかけのベル,ノーマル,0,2,黄,,1,,,,0,0,0,0,0,0,0,0,0,0,0,0,0,1,0,0,0,0,1,0,1,3,2,1
21,1,大事な風見鶏,ノーマル,1,4,黄,青,1,,,,0,0,0,0,0,0,0,0,0,0,0,0,0,1,0,0,1,0,0,0,0,2,2,1
21,1,小鳥,ノーマル,0,5,黄,,1,,,,0,0,0,0,0,0,0,0,0,0,0,1,0,0,0,1,0,0,0,0,0,2,2,1
21,1,旅のカバン,ノーマル,0,9,黄,,1,,,,0,0,0,0,0,0,0,0,0,0,0,0,0,0,0,0,1,1,0,0,0,2,2,1
21,1,大きな琥珀,ノーマル,0,9,黄,,1,,,,0,0,0,0,0,0,0,0,0,0,0,0,0,0,0,1,0,1,0,1,0,3,2,1
22,1,漁師,レア,0,7,黄,,1,,,1,0,0,0,0,0,0,0,0,0,0,0,0,0,0,1,0,1,0,1,0,0,3,2,2
22,1,妖精,レア,0,7,黄,,1,,,1,0,0,0,0,0,0,0,0,0,0,0,0,0,1,0,1,0,0,0,0,0,2,2,2
22,1,魔法の種,レア,0,9,黄,赤,1,,,,0,0,0,0,0,0,0,0,0,0,0,0,0,0,0,1,0,0,0,0,0,1,2,2
22,1,砂時計,レア,1,10,黄,青,1,,,,0,0,0,0,0,0,0,0,0,0,0,0,0,1,0,1,1,0,0,0,0,3,2,2
22,1,光る貝殻,レア,0,10,黄,,1,,,,0,0,0,0,0,0,0,0,0,0,0,0,0,0,0,0,1,1,0,1,0,3,2,2
22,1,黄金のコマ,レア,0,10,黄,,1,,,,0,0,0,0,0,0,1,0,0,0,0,0,0,0,0,0,0,1,0,0,1,3,2,2
23,1,グリズリー,ゴールド,0,8,黄,,1,,,1,0,0,0,0,0,0,0,0,0,1,0,0,0,0,1,1,0,0,0,0,0,3,2,3
23,1,空飛ぶ靴,ゴールド,0,9,黄,赤,1,1,,,0,0,0,0,0,0,0,0,0,0,0,0,0,0,0,0,1,1,0,1,0,3,2,3
23,1,砂漠の王子,ゴールド,0,9,黄,,1,,1,,0,0,0,0,0,0,0,0,0,0,0,0,1,0,0,0,1,0,1,1,0,4,2,3
23,1,眠れる巨人,ゴールド,1,12,黄,紫,1,,,,0,0,0,0,0,0,0,0,0,0,0,0,1,1,0,1,0,0,0,1,0,4,2,3
23,1,忘れられた夢の象,ゴールド,1,13,黄,紫,2,,,,0,0,0,0,0,0,0,0,0,0,0,0,0,0,0,0,0,0,0,0,0,0,2,3
23,1,金のカラス,ゴールド,0,13,黄,,2,,,,0,0,0,0,0,0,0,0,0,0,0,0,0,0,0,0,0,0,0,0,0,0,2,3
24,1,国王,レジェンド,1,12,黄,緑,2,,,,0,0,0,0,0,0,0,0,0,0,0,0,0,0,0,0,0,0,0,0,0,0,2,4
30,1,シュナウザー,スターター,0,2,青,,1,1,,,0,0,0,0,0,0,0,0,0,0,0,0,0,0,0,0,0,0,0,1,1,2,3,0
30,1,コーギー,スターター,0,3,青,,1,1,,,0,0,0,0,0,0,0,0,0,0,0,0,0,0,0,1,0,0,0,1,1,3,3,0
31,1,ビー玉,ノーマル,0,1,青,,1,,,,0,0,0,0,0,0,0,0,1,0,0,0,1,0,0,0,0,0,0,0,0,2,3,1
31,1,しゃぼん玉,ノーマル,0,3,青,,1,,,,0,0,0,0,0,0,0,0,0,1,0,0,0,1,0,0,0,0,0,0,0,2,3,1
31,1,雪原の狩人,ノーマル,0,4,青,,1,,,,0,0,0,0,0,0,0,0,0,0,0,0,1,0,0,0,0,0,0,0,1,2,3,1
31,1,忘れなぐさ,ノーマル,0,5,青,,1,,,,0,0,0,0,0,0,0,0,0,0,0,0,1,0,0,0,0,0,1,0,0,2,3,1
31,1,どんぐり,ノーマル,0,6,青,,1,,,,0,0,0,0,0,0,0,0,0,0,0,0,0,0,0,0,1,0,0,1,0,2,3,1
31,1,ふつうのさかな,ノーマル,0,7,青,,1,,,,0,0,0,0,0,0,0,0,0,0,0,0,0,0,1,0,0,0,0,1,0,2,3,1
32,1,羊飼い,レア,0,6,青,,1,,,,0,0,0,0,0,0,0,0,0,0,0,0,0,1,0,0,0,0,1,0,1,3,3,2
32,1,歩く冬,レア,0,7,青,,1,,,,0,0,0,0,0,0,0,0,0,0,0,0,0,1,1,0,0,0,0,0,0,2,3,2
32,1,青い薔薇,レア,0,7,青,,1,,,,0,0,0,0,0,0,0,0,0,0,0,0,0,0,1,0,0,1,0,0,0,2,3,2
32,1,アイスの当たり棒,レア,0,8,青,,1,,,,0,0,0,0,0,0,0,0,0,0,0,0,0,0,0,1,1,0,1,0,0,3,3,2
32,1,船乗り,レア,0,8,青,,1,,,,0,0,0,0,0,0,0,0,0,0,0,0,0,0,0,0,1,0,1,0,0,2,3,2
32,1,大きなトカゲ,レア,0,8,青,,1,,,,0,0,0,0,0,0,0,0,0,0,0,0,0,0,1,0,0,0,0,0,1,2,3,2
33,1,雪の巨鳥,ゴールド,0,9,青,緑,1,,,,0,0,0,0,0,0,0,0,0,0,0,0,0,0,0,0,0,1,0,0,1,2,3,3
33,1,竜の骨,ゴールド,0,9,青,赤,1,,,,0,0,0,0,0,0,0,0,0,0,0,0,0,0,0,0,1,0,0,1,1,3,3,3
33,1,生きた化石,ゴールド,0,9,青,,1,,,,0,0,0,0,0,0,0,0,0,0,0,0,0,0,0,1,1,1,0,1,0,4,3,3
33,1,霧の馬車,ゴールド,0,10,青,,1,,,,0,0,0,0,0,0,1,0,1,0,1,0,1,0,0,0,1,0,0,0,0,5,3,3
33,1,魔法使い,ゴールド,0,11,青,,2,,,,0,0,0,0,0,0,0,0,0,0,0,0,0,0,0,0,0,0,0,0,0,0,3,3
33,1,月の王女,ゴールド,1,12,青,,1,,,,0,0,0,0,0,0,0,0,0,0,0,0,1,1,1,0,0,0,0,1,1,5,3,3
34,1,目覚めぬ鯨ニーレ,レジェンド,1,11,青,,4,,,,0,0,0,0,0,0,0,0,0,0,0,0,0,0,0,0,0,0,0,0,0,0,3,4
34,1,最後の魔法使い,レジェンド,0,13,青,,3,,,,0,0,0,0,0,0,0,0,0,0,0,0,0,0,0,0,0,0,0,0,0,0,3,4
40,1,レスラー,スターター,0,5,緑,,1,,,1,0,0,0,0,0,0,0,0,0,0,0,0,0,0,0,0,0,0,0,0,0,0,4,0
40,1,ボディビルダー,スターター,0,6,緑,,1,,,1,0,0,0,0,0,0,0,0,0,0,0,0,0,0,0,0,0,0,0,0,0,0,4,0
41,1,老いた猫,ノーマル,0,2,緑,,1,,,,0,0,0,0,0,0,0,0,0,1,0,0,0,1,0,0,0,0,0,0,0,2,4,1
41,1,トノサマバッタ,ノーマル,0,2,緑,,1,,,,0,0,0,0,0,0,0,0,1,0,0,0,0,0,0,0,0,1,1,0,0,3,4,1
42,1,魔法使い見習い,レア,0,6,緑,紫,1,,,,0,0,0,0,0,0,0,0,0,0,0,0,0,1,0,0,0,0,0,0,0,1,4,2
42,1,星読み,レア,0,7,緑,,1,1,,,0,0,0,0,0,0,0,0,0,0,0,0,0,0,0,1,1,0,0,0,1,3,4,2
42,1,山の主,レア,0,7,緑,,1,,,1,0,0,0,0,0,0,0,0,0,0,0,0,0,1,1,1,0,1,0,0,0,4,4,2
42,1,詩人,レア,0,7,緑,,1,1,,,0,0,0,0,0,0,0,0,0,0,0,0,0,0,0,1,0,1,0,0,0,2,4,2
42,1,大男,レア,0,8,緑,,1,,,1,0,0,0,0,0,0,0,0,0,0,0,0,0,0,0,0,1,0,1,0,1,3,4,2
42,1,ケンタウロさん,レア,0,8,緑,,1,,,1,0,0,0,0,0,0,0,0,0,0,0,0,0,0,1,0,0,1,0,0,0,2,4,2
42,1,霧の子,レア,1,9,緑,,2,,,,0,0,0,0,0,0,0,0,0,0,0,0,0,0,0,0,0,0,0,0,0,0,4,2
43,1,カブトムシ,ゴールド,0,10,緑,赤,1,,,1,0,0,0,0,0,0,0,0,0,0,0,0,0,0,0,0,0,1,0,1,0,2,4,3
43,1,宝の地図,ゴールド,0,10,緑,,1,1,,,0,0,0,0,0,0,0,0,0,0,0,1,1,0,0,0,1,0,1,0,0,4,4,3
43,1,竜の鱗,ゴールド,0,11,緑,青,1,,1,,0,0,0,0,0,0,0,0,0,0,0,0,0,0,0,0,0,1,0,1,0,2,4,3
43,1,霊木の杖,ゴールド,0,11,緑,紫,1,,,,0,0,0,0,0,0,0,0,0,0,0,0,0,0,0,0,0,0,0,1,1,2,4,3
43,1,楽園,ゴールド,0,14,緑,,1,,1,,0,0,0,0,0,0,0,1,0,1,0,1,0,0,0,0,0,0,0,0,1,4,4,3
44,1,世界樹,レジェンド,0,12,緑,,2,,,,0,0,0,0,0,0,0,0,0,0,0,0,0,0,0,0,0,0,0,0,0,0,4,4
44,1,ネズミの王様,レジェンド,1,13,緑,赤,2,,,,0,0,0,0,0,0,0,0,0,0,0,0,0,0,0,0,0,0,0,0,0,0,4,4
44,1,虹の向こう,レジェンド,0,14,緑,青,2,,,,0,0,0,0,0,0,0,0,0,0,0,0,0,0,0,0,0,0,0,0,0,0,4,4
44,1,世界を飲む蛇,レジェンド,0,14,緑,,2,,,,0,0,0,0,0,0,0,0,0,0,0,0,0,0,0,0,0,0,0,0,0,0,4,4
44,1,霧の源,レジェンド,1,15,緑,黄,3,,,,0,0,0,0,0,0,0,0,0,0,0,0,0,0,0,0,0,0,0,0,0,0,4,4
50,1,うっかり騎士,スターター,0,5,赤,,1,,,,0,0,0,0,0,0,0,0,0,0,0,0,1,1,0,0,0,0,0,0,0,1,5,0
50,1,先輩騎士,スターター,0,6,赤,,1,,,1,0,0,0,0,0,0,0,0,0,0,0,0,0,1,0,0,0,0,1,0,0,2,5,0
51,1,大切なマフラー,ノーマル,0,3,赤,,1,,,,0,0,0,0,0,0,0,0,0,1,0,0,0,0,0,0,0,0,0,1,0,2,5,1
51,1,思い出のスコップ,ノーマル,1,4,赤,,1,,,,0,0,0,0,0,0,0,0,0,0,1,0,1,0,0,1,0,0,0,0,0,3,5,1
51,1,赤い風船,ノーマル,0,5,赤,,1,,,,0,0,0,0,0,0,0,0,0,0,0,0,1,0,0,0,1,0,0,0,0,2,5,1
51,1,笛吹きの子,ノーマル,0,8,赤,,1,,,,0,0,0,0,0,0,0,0,0,0,0,0,0,0,0,0,1,0,0,0,0,1,5,1
51,1,剣士,ノーマル,0,9,赤,,1,,,1,0,0,0,0,0,0,0,0,0,0,0,0,0,0,0,0,1,1,0,0,0,2,5,1
52,1,鷹,レア,0,5,赤,,1,,,1,0,0,0,0,0,0,0,0,0,0,0,0,0,1,0,0,0,1,0,1,0,3,5,2
52,1,踊り子,レア,0,6,赤,緑,1,1,,,0,0,0,0,0,0,0,0,0,0,0,0,0,0,0,0,0,1,0,0,0,1,5,2
52,1,見張り番,レア,0,7,赤,,1,,,,0,0,0,0,0,0,0,0,0,0,0,0,0,0,1,0,0,0,0,1,1,3,5,2
52,1,針子,レア,0,8,赤,,1,,,,0,0,0,0,0,0,0,0,0,0,0,0,0,0,0,0,0,1,0,0,1,2,5,2
52,1,絵描き,レア,0,9,赤,,1,,,,0,0,0,0,0,0,0,0,0,0,0,0,0,0,0,1,1,0,0,0,0,2,5,2
52,1,ホタルの群れ,レア,1,10,赤,黄,1,,,,0,0,0,0,0,0,0,0,0,1,1,0,0,0,0,0,0,0,1,0,0,3,5,2
52,1,星の羅針盤,レア,0,10,赤,,1,,1,,0,0,0,0,0,0,0,0,0,0,0,0,0,0,0,0,1,0,1,0,1,3,5,2
53,1,雷鳥,ゴールド,0,7,赤,,1,1,,,0,0,0,0,0,0,0,0,0,0,0,0,0,0,1,1,0,1,0,0,0,3,5,3
53,1,炎の剣,ゴールド,0,8,赤,紫,1,,,1,0,0,0,0,0,0,0,0,0,0,0,0,0,0,1,1,0,1,0,0,0,3,5,3
53,1,森の王,ゴールド,1,11,赤,,2,,,,0,0,0,0,0,0,0,0,0,0,0,0,0,0,0,0,0,0,0,0,0,0,5,3
54,1,太陽,レジェンド,0,12,赤,,3,,,,0,0,0,0,0,0,0,0,0,0,0,0,0,0,0,0,0,0,0,0,0,0,5,4
54,1,火の巨人,レジェンド,0,13,赤,紫,2,,,,0,0,0,0,0,0,0,0,0,0,0,0,0,0,0,0,0,0,0,0,0,0,5,4
54,1,ドラゴン,レジェンド,1,15,赤,青,3,,,,0,0,0,0,0,0,0,0,0,0,0,0,0,0,0,0,0,0,0,0,0,0,5,4
60,1,真っ黒な石,スターター,0,5,紫,,1,,,,0,0,0,0,0,0,0,0,0,0,0,0,0,0,1,0,0,0,0,0,0,1,6,0
60,1,怪しい古本,スターター,0,6,紫,,1,,1,,0,0,0,0,0,0,0,0,0,0,0,0,0,0,0,1,0,0,0,1,0,2,6,0
61,1,いそいでいる男,ノーマル,0,2,紫,,1,1,,,0,0,0,0,0,0,0,0,1,0,1,0,0,0,0,0,0,0,0,0,0,2,6,1
61,1,くるくるまわる風車,ノーマル,0,3,紫,,1,,,,0,0,0,0,0,0,0,0,0,1,1,0,0,1,0,0,0,0,0,0,0,3,6,1
61,1,カラス,ノーマル,0,4,紫,,1,,,,0,0,0,0,0,0,0,0,0,0,1,1,0,0,0,0,0,1,0,0,0,3,6,1
61,1,行商人,ノーマル,0,8,紫,,1,,,,0,0,0,0,0,0,0,0,0,0,0,0,0,0,0,0,0,0,1,0,1,2,6,1
62,1,大きな魚,レア,0,5,紫,,1,,,1,0,0,0,0,0,0,0,0,0,0,0,0,0,1,1,1,0,0,0,0,0,3,6,2
62,1,魔法の粉,レア,0,7,紫,,1,,,,0,0,0,0,0,0,0,0,0,0,0,0,0,0,1,0,0,0,1,0,1,3,6,2
62,1,森の番人,レア,0,8,紫,,1,,,1,0,0,0,0,0,0,0,0,0,0,0,0,0,0,1,1,0,0,0,1,0,3,6,2
62,1,月の手鏡,レア,0,8,紫,,1,,,,0,0,0,0,0,0,0,0,0,0,0,0,0,0,0,0,1,1,0,0,0,2,6,2
62,1,魔導書,レア,0,8,紫,,1,,,,0,0,0,0,0,0,0,0,0,0,0,0,1,0,1,0,1,0,0,0,1,4,6,2
62,1,夜空の楽団,レア,0,10,紫,,1,,1,,0,0,0,0,0,0,1,0,0,0,0,0,0,0,0,0,1,0,0,1,0,3,6,2
63,1,黒曜石の斧,ゴールド,0,9,紫,緑,1,,,,0,0,0,0,0,0,0,0,0,0,0,0,0,0,0,1,0,0,1,1,0,3,6,3
63,1,夢売り,ゴールド,0,10,紫,赤,1,,,,0,0,0,0,0,0,0,0,0,0,0,0,0,0,0,0,1,1,0,0,0,2,6,3
63,1,星のしずく,ゴールド,0,10,紫,黄,1,,,,0,0,0,0,0,0,0,0,0,0,0,0,0,0,0,0,1,1,0,0,1,3,6,3
63,1,黒猫の剣,ゴールド,1,11,紫,,2,,,,0,0,0,0,0,0,0,0,0,0,0,0,0,0,0,0,0,0,0,0,0,0,6,3
63,1,古の紋章,ゴールド,0,11,紫,青,1,,,,0,0,0,0,0,0,0,0,0,0,0,0,0,0,0,0,0,1,1,0,0,2,6,3
63,1,月夜の舞踏会,ゴールド,1,12,紫,黄,1,,,,0,0,0,0,0,0,1,1,0,0,0,1,0,0,0,0,0,0,1,0,0,4,6,3
63,1,石の番犬,ゴールド,0,12,紫,,1,,,1,0,0,0,0,0,0,0,0,0,0,0,0,1,0,0,0,0,0,1,1,1,4,6,3
63,1,月の猫ミュール,ゴールド,0,13,紫,緑,1,,,1,0,0,0,0,0,0,0,0,1,0,0,0,0,0,0,0,1,0,0,0,0,2,6,3
64,1,ソーラの匙,レジェンド,0,12,紫,黄,2,,,,0,0,0,0,0,0,0,0,0,0,0,0,0,0,0,0,0,0,0,0,0,0,6,4
64,1,終焉の笛吹き,レジェンド,0,14,紫,,2,,,,0,0,0,0,0,0,0,0,0,0,0,0,0,0,0,0,0,0,0,0,0,0,6,4
64,1,勇者,レジェンド,1,15,紫,,4,,,,0,0,0,0,0,0,0,0,0,0,0,0,0,0,0,0,0,0,0,0,0,0,6,4
